year,ciiu_2d,mean_tfp_lp,mean_tfp_wrdg,mean_tfp_acf,sd_tfp_lp,sd_tfp_wrdg,sd_tfp_acf,n_obs
2012,10,9.5314455,9.6435499,9.7429562,1.1821691,1.1854341,1.4841056,1544
2013,10,9.5174837,9.6299353,9.6905813,1.1636087,1.1670712,1.4335921,1511
2014,10,9.5317888,9.6443043,9.6328011,1.1998001,1.2030104,1.4249363,1533
2015,10,9.5973864,9.7090998,9.6156158,1.2266818,1.2303466,1.466223,1529
2016,10,9.7059374,9.816947,9.4801388,1.214851,1.2185836,1.4731077,1428
2017,10,9.7276564,9.8390017,9.4512596,1.2102901,1.2138208,1.4558254,1425
2018,10,9.7354345,9.8471165,9.3846159,1.2028716,1.206094,1.3968712,1409
2019,10,9.7415314,9.8536444,9.3936558,1.2159963,1.2192596,1.4275624,1392
2020,10,9.7072515,9.819828,9.4004145,1.3143154,1.3176148,1.4512746,1364
2021,10,9.7971306,9.9097347,9.433074,1.3393154,1.3422009,1.4348556,1336
2022,10,9.9251471,10.037766,9.4661274,1.3481994,1.3514242,1.4975616,1291
2023,10,9.9323092,10.04476,9.4089088,1.3006999,1.3037719,1.4591023,1260
2012,11,3.3084259,3.3644919,5.6946182,.88320667,.88995779,.78851599,86
2013,11,3.2464583,3.3010345,5.6522713,.91072905,.91771257,.81007785,91
2014,11,3.1299219,3.1844902,5.5370922,.76289576,.77031446,.68784446,92
2015,11,3.1019838,3.1573782,5.4855099,.77705926,.78339547,.73874366,90
2016,11,3.2824774,3.3393626,5.6085057,.83359289,.83626735,.83540767,116
2017,11,3.1793685,3.234802,5.5890636,1.0765036,1.0828593,.87933367,120
2018,11,3.3746636,3.4352245,5.6565437,.88260627,.88267678,.81335521,71
2019,11,3.36535,3.4243829,5.7171488,.84440368,.84634382,.80782819,73
2020,11,3.1578639,3.2175927,5.5204282,.9603169,.96471244,.89349186,72
2021,11,3.4254072,3.4863424,5.7588801,.9314329,.93140811,.87873441,69
2022,11,3.4893506,3.5518987,5.8075838,.91194034,.91388875,.86626601,67
2023,11,3.4686041,3.5324335,5.7644167,.75964105,.76551509,.68139786,63
2012,13,8.1070137,8.1839886,,.92773288,.92394179,,289
2013,13,8.0562019,8.1338329,,.95365512,.94999504,,276
2014,13,8.1619701,8.2379808,,.97817093,.97344786,,270
2015,13,8.2058325,8.2809305,,.96902895,.96567434,,260
2016,13,8.2714167,8.3468752,,.99174964,.9889369,,262
2017,13,8.1978559,8.2741575,,.92035294,.91682512,,254
2018,13,8.1744041,8.2514353,,.95574635,.95297158,,239
2019,13,8.1861506,8.2633209,,1.0079318,1.0037204,,233
2020,13,8.0446939,8.1234941,,1.0825554,1.0777154,,222
2021,13,8.2582836,8.3364172,,1.0892774,1.0854605,,213
2022,13,8.3752489,8.4525309,,1.0578479,1.0529931,,207
2023,13,8.2646589,8.3418665,,.99187541,.98732996,,195
2012,14,11.866654,11.951876,14.784547,.96930629,.96864522,1.4540458,955
2013,14,11.817761,11.902985,14.735839,1.0112741,1.0099595,1.5023878,907
2014,14,11.887503,11.972869,14.84492,1.0369622,1.0358148,1.5552896,917
2015,14,11.898716,11.982735,14.869097,1.0627844,1.0616348,1.5971639,888
2016,14,11.986879,12.069982,15.046447,1.0567776,1.0560424,1.553165,819
2017,14,11.920414,12.003814,14.999416,1.0319252,1.0312124,1.5670015,818
2018,14,11.915234,11.999174,14.998121,1.0408775,1.040025,1.5784849,782
2019,14,11.939631,12.024201,15.038602,1.0414808,1.0406281,1.6053315,741
2020,14,11.655903,11.741228,14.717071,1.1531839,1.1510103,1.7196351,678
2021,14,11.898788,11.983795,14.997806,1.1694272,1.1679047,1.7633283,652
2022,14,12.043752,12.127635,15.220698,1.1181519,1.1170527,1.6901214,610
2023,14,12.010538,12.094406,15.186766,1.0950587,1.0941976,1.671363,597
2001,15,5.9952683,6.0925612,7.8653531,.88625544,.88604605,.85817993,1279
2002,15,6.0118456,6.1093154,7.8934054,.93589681,.93538207,.89483106,1263
2003,15,6.0811491,6.1796017,7.9793162,.92831016,.92812759,.91482246,1207
2004,15,6.1440296,6.2426562,8.050046,.90234888,.90356904,.91463286,1191
2005,15,6.0657268,6.1655593,8.0072298,.94158179,.94274479,.95372933,1223
2006,15,6.1172872,6.2175436,8.0614395,.95261675,.95333719,.95372874,1282
2007,15,6.0750699,6.1760926,8.0389185,.95157319,.95229268,.94147152,1274
2008,15,6.0946155,6.1965919,8.0812159,.98675913,.98742044,.97975075,1282
2009,15,6.0907726,6.1924644,8.0799675,.99693447,.99696785,.97223461,1358
2010,15,6.0523739,6.1536965,8.0425692,.95619828,.95636684,.94612676,1497
2011,15,6.0490046,6.1495824,8.0208082,1.0072961,1.0074315,.98778564,1626
2012,15,5.6996207,5.7930698,7.5581207,.84184742,.83524185,.68449765,315
2013,15,5.6271191,5.7210793,7.4915404,.83437961,.82748896,.65396208,300
2014,15,5.6730514,5.767117,7.5381284,.95664787,.95042783,.77394551,302
2015,15,5.7252107,5.8182769,7.5578389,.94108719,.93433183,.75309652,292
2016,15,5.714458,5.8077593,7.5227695,.91676229,.90983003,.73002815,264
2017,15,5.6937208,5.7869253,7.5096755,.96244431,.95532894,.77977103,315
2018,15,5.6714644,5.7645855,7.4752173,.87020558,.86237496,.68141603,282
2019,15,5.5398927,5.6344838,7.3946872,.96286994,.9543615,.74688494,269
2020,15,5.0202284,5.1161633,6.9233294,1.1123823,1.1061982,.90845382,215
2021,15,5.3523946,5.4483895,7.2430954,1.0908862,1.0855347,.89829689,194
2022,15,5.6501822,5.7449226,7.471879,.8906846,.88478404,.73915476,179
2023,15,5.497725,5.5930777,7.3557091,.99593085,.98910594,.7991305,179
2002,16,7.3039227,7.4252605,,0,0,,3
2004,16,7.9462371,8.0664625,,0,0,,2
2005,16,7.7207098,7.845789,,0,0,,3
2006,16,7.8325515,7.9586148,,0,0,,4
2007,16,7.7973485,7.9266129,,0,0,,4
2008,16,7.8227472,7.9553027,,0,0,,3
2009,16,7.6703968,7.8094258,,0,0,,3
2010,16,6.8778796,7.0182509,,0,0,,3
2012,16,6.9198856,7.0523491,,.77123004,.76040518,,178
2013,16,6.8061194,6.9395895,,.82699251,.81294221,,163
2014,16,6.7792339,6.9132228,,.83510649,.82498604,,187
2015,16,6.8262658,6.9578238,,.89516133,.88408399,,182
2016,16,6.9100571,7.0414529,,.77669591,.76882231,,162
2017,16,6.8414741,6.9749379,,.76661468,.75933915,,159
2018,16,6.6879663,6.8246918,,.93754351,.92854655,,147
2019,16,6.752852,6.8881946,,.85187709,.84304571,,137
2020,16,6.604507,6.7410965,,.8626132,.85579532,,129
2021,16,6.689641,6.8271093,,.92625946,.91956693,,126
2022,16,6.9137807,7.0488548,,.79588366,.79356605,,105
2023,16,6.8154511,6.9506164,,.77612531,.77052265,,95
2001,17,7.3744798,7.5520239,,.82232344,.84747088,,282
2002,17,7.3244829,7.5042601,,.80284774,.82361561,,260
2003,17,7.4190865,7.6003561,,.74755478,.77270919,,271
2004,17,7.4704571,7.6511507,,.78824461,.80658942,,279
2005,17,7.4318089,7.6103497,,.73939073,.75780135,,287
2006,17,7.4524474,7.6295133,,.87161839,.88758904,,287
2007,17,7.4561644,7.6352935,,.88647205,.90601254,,267
2008,17,7.3345847,7.513217,,.83741963,.85577011,,266
2009,17,7.2852941,7.4592042,,.81774676,.83814454,,276
2010,17,7.3132114,7.4815626,,.83590317,.85477549,,326
2011,17,7.2738867,7.4397302,,.874309,.890728,,370
2012,17,7.7996778,7.9846506,,.82986957,.85752565,,139
2013,17,7.7522769,7.9387641,,.82787079,.85446972,,135
2014,17,7.792901,7.9825506,,.82366973,.84718049,,129
2015,17,7.8636951,8.056838,,.89863372,.92707688,,126
2016,17,7.9431601,8.139101,,.84242952,.86977309,,135
2017,17,7.922904,8.1182108,,.89809614,.92614144,,133
2018,17,7.9934111,8.1910639,,.95506072,.98140991,,127
2019,17,7.8998337,8.0972328,,.98108244,1.0164714,,127
2020,17,7.8078704,8.0064259,,.99499285,1.0293227,,123
2021,17,7.8634448,8.0627947,,.96497768,1.0000445,,127
2022,17,8.0167322,8.21457,,.90815079,.94444209,,128
2023,17,7.9875212,8.1867218,,.88537443,.92153859,,127
2001,18,10.694107,10.756131,5.9190869,.95375174,.94823962,.88188726,737
2002,18,10.710658,10.772978,5.8951764,.9489224,.94331354,.88274294,691
2003,18,10.76178,10.823972,5.9520979,.97929358,.97487569,.94133168,675
2004,18,10.836827,10.900367,6.0298257,1.0124108,1.0089395,.9513557,667
2005,18,10.827548,10.892268,6.0205584,.98322374,.97990143,.97005457,666
2006,18,10.912134,10.978413,6.1217089,.99885148,.99614674,1.0081873,657
2007,18,10.968289,11.035382,6.1105976,.97236168,.96885157,1.0441356,615
2008,18,10.921405,10.990191,6.0626307,.95683724,.95313287,1.0027788,609
2009,18,10.891225,10.96232,6.1636,.98575258,.98170185,1.0775491,657
2010,18,10.854859,10.926636,6.2340045,.93479878,.9321081,1.0158337,805
2011,18,10.849354,10.921393,6.2516699,.94646204,.94255221,1.0100396,929
2012,18,10.678227,10.762308,5.9243765,.84969866,.84589875,.64217204,468
2013,18,10.665738,10.750068,5.9046822,.86263955,.85834885,.6487897,490
2014,18,10.660583,10.745015,5.8839583,.93465614,.9304294,.68755454,488
2015,18,10.669651,10.753502,5.8904443,.94515342,.94100267,.70576245,487
2016,18,10.826719,10.908948,5.8700032,.83899254,.83541417,.66050148,411
2017,18,10.844266,10.926679,5.8620014,.84329218,.83928937,.63145858,398
2018,18,10.843413,10.926536,5.8035769,.89500976,.89075893,.67549306,374
2019,18,10.854233,10.937441,5.797534,.90819299,.90357494,.66629457,361
2020,18,10.670885,10.755562,5.6467319,.95509279,.95019299,.66251522,337
2021,18,10.781314,10.865644,5.7553487,.97390807,.96886176,.67122018,322
2022,18,10.947721,11.031092,5.8703203,1.0020157,.99684411,.69061565,305
2023,18,10.937299,11.020652,5.8378482,.98791659,.9826085,.6862157,302
2001,19,9.2620125,9.2773781,5.5573792,.80359995,.81183034,.94128251,267
2002,19,9.2879381,9.302434,5.5392766,.84805125,.85690176,.99113941,231
2003,19,9.3951883,9.4104414,5.6359987,.84899467,.85765892,.92554694,211
2004,19,9.4150763,9.4302969,5.6581378,.86781448,.87545985,.96391207,243
2005,19,9.2481518,9.2620306,5.430366,.8838436,.89190859,1.0021175,263
2006,19,9.3555937,9.3703146,5.5336733,.8816967,.8891018,1.0021648,269
2007,19,9.3183355,9.3331633,5.4753323,.93291277,.94130707,1.0750949,258
2008,19,9.2916975,9.3053856,5.4143882,.99105513,.99909031,1.1312881,253
2009,19,9.2550611,9.267622,5.3484397,.87305248,.8810873,1.0490518,270
2010,19,9.2679329,9.2800598,5.3673153,.8683036,.8757993,1.0493166,321
2011,19,9.2959003,9.307579,5.4026937,.84936017,.85724312,1.056622,345
2012,19,11.827785,11.835008,6.9831772,1.8082162,1.8055953,1.3839936,69
2013,19,11.899453,11.904489,6.8487873,1.9671588,1.964304,1.5486183,69
2014,19,11.59851,11.604482,6.7683854,1.946316,1.9461576,1.5596626,73
2015,19,11.765569,11.770227,6.8073587,1.9040152,1.9016889,1.5039288,67
2016,19,11.567167,11.573641,6.6778121,1.781503,1.7815322,1.3750707,79
2017,19,11.766624,11.771614,6.7465467,1.6900277,1.6882753,1.2403054,85
2018,19,12.013074,12.017136,7.0851626,1.7645627,1.7604584,1.5815095,91
2019,19,12.08494,12.089333,7.1634583,1.8037809,1.7999753,1.6153953,92
2020,19,11.89257,11.897071,6.9564004,1.7072315,1.7031456,1.5235033,91
2021,19,12.096995,12.102681,7.124289,1.5572027,1.55235,1.3173412,89
2022,19,12.158189,12.163692,7.1986504,1.602017,1.5967457,1.4022977,91
2023,19,12.176278,12.182996,7.2946911,1.6153508,1.6113545,1.5265219,103
2001,20,7.8111405,7.8279581,,.75145936,.74625564,,88
2002,20,7.9097071,7.926702,,.76658589,.76210308,,89
2003,20,7.9841328,8.0006723,,.70976436,.70402211,,91
2004,20,8.0747252,8.0918932,,.72915858,.72451544,,95
2005,20,8.1148462,8.1324062,,.81842017,.81407261,,96
2006,20,8.2851667,8.3031425,,.77562702,.77217144,,93
2007,20,8.2383871,8.2580805,,.83880675,.83204806,,101
2008,20,8.2138567,8.2322226,,.79188377,.78759885,,103
2009,20,8.0533972,8.0732555,,.74506378,.74065864,,113
2010,20,8.0058346,8.0256948,,.75502443,.75048602,,154
2011,20,8.0004654,8.0203447,,.77474177,.77090043,,190
2012,20,8.7339993,8.7522564,,1.0617251,1.0570589,,522
2013,20,8.7046671,8.7234726,,1.0635834,1.0579997,,526
2014,20,8.7059526,8.7241726,,1.0726845,1.0664933,,546
2015,20,8.7762518,8.7935534,,1.0832677,1.0773597,,530
2016,20,8.8665838,8.8822842,,1.0259761,1.0213078,,520
2017,20,8.8210115,8.8370323,,1.0704415,1.0658641,,520
2018,20,8.8576508,8.8733892,,1.0716136,1.066321,,519
2019,20,8.8401337,8.8562613,,1.1254263,1.1194916,,530
2020,20,8.8444977,8.8606396,,1.1225594,1.1160215,,520
2021,20,8.9403238,8.9563904,,1.1524495,1.145924,,514
2022,20,9.034709,9.0496864,,1.1776298,1.1717601,,505
2023,20,9.0084276,9.0232,,1.1586642,1.1521688,,499
2001,21,8.6262522,8.9492226,8.0546694,.89219373,.92473245,.72479135,223
2002,21,8.6662874,8.9878922,8.0927896,.87645507,.90942889,.71683955,209
2003,21,8.7011642,9.0245829,8.1329746,.87859982,.91390198,.72393245,216
2004,21,8.7454357,9.0683556,8.1846161,.82089257,.85624099,.66616112,223
2005,21,8.690197,9.0141439,8.1443005,.82158256,.85690951,.65651178,220
2006,21,8.8569822,9.1902714,8.257452,.82327777,.86118603,.65508586,210
2007,21,9.0159492,9.3614702,8.3717623,.7830677,.82209671,.64037788,134
2008,21,8.8892603,9.235321,8.2683115,.84104556,.87977391,.66225523,145
2009,21,8.9427061,9.2880421,8.3246527,.80584812,.84630537,.65521449,134
2010,21,8.9157639,9.2536488,8.3652916,.90458018,.94755834,.73709261,133
2011,21,8.9495726,9.2884254,8.3992701,.90493792,.94220471,.76224059,140
2012,21,8.8639336,9.1922779,8.2309675,1.03162,1.0491569,.9174093,199
2013,21,8.8528719,9.1863232,8.2341995,1.0592386,1.0786729,.98616087,195
2014,21,8.8589954,9.1922894,8.2275476,1.061029,1.0785106,.99400222,201
2015,21,8.962985,9.2952814,8.313261,1.1314901,1.1493849,1.0494275,197
2016,21,8.99718,9.3336239,8.3060007,1.1577384,1.1696007,1.1142933,188
2017,21,8.9462748,9.2854548,8.2572317,1.1076769,1.1237612,1.044654,184
2018,21,8.9273663,9.2716694,8.2184591,1.1813585,1.1951927,1.1371962,174
2019,21,8.9100847,9.2556477,8.2078829,1.1342533,1.1526092,1.0486583,173
2020,21,8.9971905,9.3434381,8.2890577,1.1127872,1.130537,1.0358719,169
2021,21,9.0190735,9.3703156,8.2797728,1.0547489,1.0744945,.97392422,170
2022,21,8.9926538,9.3455143,8.2446709,1.1604196,1.1765244,1.0927578,168
2023,21,9.0242167,9.3747358,8.2864113,1.0691968,1.0907553,.98303819,169
2001,22,9.082468,9.1700077,,.93636155,.93860507,,300
2002,22,9.0936956,9.181427,,.95263708,.95465475,,286
2003,22,9.1662807,9.2545166,,1.00503,1.0082188,,287
2004,22,9.1230116,9.2106829,,.96347332,.96636081,,320
2005,22,9.1615572,9.2504454,,1.0072327,1.009863,,320
2006,22,9.1842251,9.2731333,,.94957238,.95281887,,362
2007,22,9.2329597,9.3228951,,.9330743,.93573487,,424
2008,22,9.1454372,9.2357063,,.89692563,.8995406,,426
2009,22,9.1282253,9.217844,,.90376705,.90505064,,518
2010,22,9.1327257,9.2227736,,.91031539,.91158789,,598
2011,22,9.1481781,9.2379999,,.85148031,.85237837,,618
2012,22,9.3720913,9.464509,,.8581211,.86191398,,718
2013,22,9.3732729,9.4659157,,.89111447,.8945992,,699
2014,22,9.3793631,9.4722357,,.92700332,.93061554,,713
2015,22,9.4387636,9.53123,,.95155036,.95503283,,694
2016,22,9.5008202,9.5934172,,.93160421,.93507701,,665
2017,22,9.4714079,9.5647917,,.88692188,.89065635,,644
2018,22,9.5062046,9.600214,,.928083,.93161148,,613
2019,22,9.5097971,9.6040249,,.89434046,.89823025,,606
2020,22,9.430316,9.5244894,,.94632542,.95016199,,603
2021,22,9.6119556,9.706234,,.96801877,.97248363,,583
2022,22,9.6820583,9.7765484,,.96325457,.96790802,,557
2023,22,9.6147871,9.709054,,.9541676,.95833439,,552
2001,23,8.4359007,8.5216446,8.2414417,1.1355555,1.1472944,1.0140996,22
2002,23,8.0048323,8.0851812,7.8959417,1.036755,1.041609,.98442203,20
2003,23,8.2124977,8.2908154,8.1190586,1.0785806,1.0786334,1.0980753,16
2004,23,8.2634869,8.3450613,8.1727753,.77303088,.77469355,.781865,20
2005,23,8.0032873,8.0820904,7.9100227,.90759563,.91153449,.86574244,20
2006,23,8.3323021,8.4111071,8.2394724,.89733285,.89660615,.92164743,21
2007,23,8.500782,8.5835342,8.3616447,1.1946977,1.1952022,1.1865139,20
2008,23,8.3885803,8.4770508,8.2456331,1.1384842,1.1419166,1.1104971,21
2009,23,8.1730232,8.2603931,8.0610189,1.0015304,1.0025378,.98036116,27
2010,23,8.2417555,8.3298998,8.0984592,1.0398077,1.0423582,.98131424,35
2011,23,8.5289469,8.6134138,8.3809586,1.1057106,1.1044762,1.0417502,45
2012,23,7.667665,7.7594347,7.4663033,1.0536612,1.0578274,1.0532447,460
2013,23,7.5264196,7.6188579,7.3120289,.84971899,.85430604,.8244679,451
2014,23,7.5841861,7.6759324,7.3630662,.89566529,.90089101,.8595925,458
2015,23,7.733068,7.8248806,7.4892459,.88349932,.88738209,.86128461,443
2016,23,7.6479483,7.7394037,7.3894486,.90507191,.90885448,.86502284,457
2017,23,7.5369449,7.6286254,7.2892385,.89507151,.89846408,.84678376,450
2018,23,7.5447645,7.6369514,7.3101711,.93260157,.93562973,.89997286,441
2019,23,7.5326858,7.6249838,7.303771,.90170509,.90536672,.8702563,429
2020,23,7.366456,7.4596019,7.1366525,.8868131,.89140326,.83829224,410
2021,23,7.5620685,7.6554036,7.3126926,.90562165,.90980715,.85401744,390
2022,23,7.6057544,7.6994529,7.3438649,.88716507,.89168245,.83583283,382
2023,23,7.5690327,7.662806,7.3068547,.9194662,.92388695,.86157292,385
2001,24,6.116869,6.2307253,6.9869919,.81590635,.81816745,.74935567,439
2002,24,6.1060424,6.2195044,6.9977913,.78140509,.78397983,.74141383,445
2003,24,6.2170377,6.3305812,7.1146474,.8214069,.82360536,.81120765,461
2004,24,6.2006207,6.3133287,7.117239,.84329283,.84515053,.82339674,496
2005,24,6.1397824,6.2529311,7.0719581,.84831303,.84991789,.82479215,515
2006,24,6.15909,6.2731261,7.0836945,.87824267,.87996954,.86194855,549
2007,24,6.1210775,6.2360716,7.0559082,.84693778,.84838033,.8061704,533
2008,24,6.0452061,6.1605716,6.991961,.87662852,.8789528,.84103495,540
2009,24,6.0801682,6.1937757,7.0378861,.88355029,.88433373,.83854645,620
2010,24,6.0570354,6.1704783,7.0197234,.89225405,.89243698,.85201323,689
2011,24,6.0392036,6.1524129,6.9913478,.90559727,.90567905,.86116743,741
2012,24,5.9004941,6.0167799,6.9251237,1.2558717,1.2597297,1.2215935,158
2013,24,5.5933242,5.7094769,6.6305623,.83538508,.84299403,.74723518,146
2014,24,5.5731683,5.6893873,6.6350985,.94267267,.94869566,.87524748,150
2015,24,5.6923666,5.8088531,6.7373395,1.1111622,1.1176852,1.0554078,161
2016,24,5.7301149,5.8462696,6.7317929,1.0760007,1.0821096,.97503334,157
2017,24,5.7011175,5.8183899,6.7098336,1.1299572,1.1357646,1.0487208,149
2018,24,5.6612549,5.780982,6.7017617,1.0289193,1.0337858,.92674094,136
2019,24,5.785707,5.9050608,6.8130498,1.0474284,1.0533751,.94840616,136
2020,24,5.6739039,5.7926869,6.6956,1.1817931,1.1857729,1.0892957,130
2021,24,6.1263809,6.2448001,7.1230545,1.2803947,1.2832458,1.208439,122
2022,24,6.1430998,6.2620058,7.1287866,1.295759,1.2976713,1.212061,120
2023,24,6.0502753,6.1687889,7.0225015,1.1966785,1.1988931,1.1038048,121
2001,25,9.0005646,9.0851488,9.2765646,.846798,.84483707,1.1300466,434
2002,25,9.0305433,9.1152153,9.3240871,.84946895,.84810692,1.1156358,421
2003,25,9.1110382,9.1954908,9.4109154,.86450213,.86419749,1.1009562,438
2004,25,9.1802216,9.2647896,9.4678402,.87728298,.8769365,1.1059098,474
2005,25,9.2346363,9.3199453,9.5256987,.89023542,.88879663,1.1459999,476
2006,25,9.2448597,9.3309355,9.5111351,.85855567,.85729623,1.1043144,517
2007,25,9.241559,9.3279915,9.5248203,.87540746,.87382954,1.1371022,511
2008,25,9.1628284,9.250598,9.4221258,.90587229,.90387577,1.1721098,518
2009,25,9.0732784,9.1620722,9.2898626,.90327299,.90079927,1.1743146,580
2010,25,9.0635509,9.1526146,9.2607975,.83359671,.83148915,1.0951943,652
2011,25,9.0499229,9.1387272,9.2442999,.83064133,.82867146,1.0832831,734
2012,25,8.8707323,8.9558372,9.0541391,.81527418,.81174523,1.0559651,691
2013,25,8.8232737,8.9086294,9.0162401,.870152,.86531383,1.1480669,658
2014,25,8.7973461,8.8833818,8.9833956,.93608391,.93110055,1.2177805,665
2015,25,8.8066902,8.8913002,9.0132465,.94519335,.93972903,1.2401805,639
2016,25,8.8067904,8.8907871,9.056179,.90968317,.90449858,1.1855854,594
2017,25,8.7371998,8.8217592,8.9811211,.87562799,.87064588,1.1508188,586
2018,25,8.8303251,8.915369,9.0795403,.86467999,.86084038,1.1204813,558
2019,25,8.7917128,8.8780622,9.0252676,.88563973,.88072497,1.1592945,531
2020,25,8.6322365,8.7196064,8.8428555,.9680475,.96260035,1.2537827,500
2021,25,8.8384008,8.9249268,9.0685787,1.0595903,1.0541357,1.3414782,490
2022,25,8.9943504,9.0796127,9.2636328,.98215961,.97789139,1.2587748,454
2023,25,8.945118,9.0302763,9.2161779,.95518076,.95032662,1.2460787,440
2001,26,5.3995466,5.5157824,4.9369402,.82777643,.82875198,.78133297,317
2002,26,5.5116587,5.6265955,5.0514846,.81964868,.8190667,.7843979,307
2003,26,5.7101817,5.8269153,5.2397895,.80856335,.80769014,.79215747,304
2004,26,5.7396874,5.8562813,5.2847452,.82121903,.81874728,.80706,310
2005,26,5.6542549,5.7708926,5.2049775,.74605399,.74496067,.72660923,314
2006,26,5.8826046,6.0003567,5.4288182,.7142759,.71467477,.73717403,340
2007,26,5.8102474,5.9270411,5.3292246,.78372943,.78428221,.77956671,332
2008,26,5.7150154,5.8335838,5.2282691,.79548824,.79580992,.81092304,342
2009,26,5.6171093,5.7363281,5.1475673,.77259916,.77309436,.77088189,364
2010,26,5.5723958,5.6904802,5.1211309,.79766339,.79753536,.78240883,405
2011,26,5.6296992,5.7466135,5.1732559,.8298322,.82919729,.80203503,450
2012,26,6.8225999,6.9188118,6.3222027,2.5886731,2.5695002,2.4348223,12
2013,26,6.269557,6.3761926,5.7734346,1.006133,1.0066839,.97636348,10
2014,26,6.2768588,6.3844151,5.8126955,1.4225614,1.4166815,1.3377826,11
2015,26,5.9031334,6.010107,5.4698133,1.6954987,1.6986758,1.5699776,12
2016,26,5.5989604,5.7075901,5.2272367,1.173097,1.1694635,1.0683153,16
2017,26,5.6675377,5.7751341,5.3119707,1.3531684,1.3489201,1.2807379,13
2001,27,6.1639199,6.3839865,7.6397576,.94199616,.94373673,.91010863,105
2002,27,6.1808829,6.401947,7.6533933,.94292855,.94756961,.89434731,102
2003,27,6.3215823,6.542644,7.8004074,.91234642,.91947442,.87482083,105
2004,27,6.5594563,6.7805777,8.0349197,.89833307,.90962625,.88788551,108
2005,27,6.4945455,6.7153139,7.9768515,.87858939,.89324903,.88990182,109
2006,27,6.7714796,6.9971151,8.2963734,.99923855,1.0122963,1.0180506,122
2007,27,6.6523752,6.8734665,8.0888357,.92868757,.93621969,.8469286,117
2008,27,6.5996194,6.8217382,8.0426912,.91987908,.92438084,.73359323,117
2009,27,6.2495522,6.4751725,7.7987556,.99865723,1.0004526,.87034035,129
2010,27,6.2698412,6.497612,7.8830185,1.021138,1.027034,.91989762,148
2011,27,6.3840666,6.6107903,7.9807801,1.1729695,1.1785719,1.132176,165
2012,27,6.307107,6.5194035,7.6609735,.95611471,.94734997,.80925018,166
2013,27,6.2478104,6.4613438,7.6169338,.84069198,.83137143,.69722086,165
2014,27,6.2549453,6.4694786,7.6340165,.97849476,.96459204,.74321324,166
2015,27,6.271956,6.4846988,7.639914,1.0006489,.99006832,.86376756,165
2016,27,6.2941098,6.5088782,7.6046319,1.0961339,1.0864863,.92556685,178
2017,27,6.2859278,6.5030718,7.6042919,1.0271914,1.0208781,.89348274,171
2018,27,6.3190761,6.5383182,7.6361799,1.0027293,1.0001317,.84836292,167
2019,27,6.3331285,6.5523729,7.6569667,1.013958,1.0078156,.84623408,160
2020,27,6.2592006,6.478879,7.5880833,1.0437587,1.0367116,.83871418,154
2021,27,6.3663487,6.5865884,7.6857877,1.0695095,1.0625077,.89026135,153
2022,27,6.4139218,6.6366949,7.7047801,1.1027113,1.0985441,.90801227,144
2023,27,6.4523644,6.674684,7.70331,1.098403,1.0949919,.91843754,143
2001,28,7.6676884,7.9703221,7.9823585,.71458983,.71689165,.57479388,364
2002,28,7.7099576,8.0127926,8.0182829,.71169561,.71772271,.60934824,360
2003,28,7.8436875,8.1483221,8.128459,.78072864,.78647357,.6641584,346
2004,28,7.9689322,8.2739916,8.2606659,.79378915,.80137718,.74638033,377
2005,28,7.9556584,8.2606487,8.2483511,.80467409,.81247324,.73047096,391
2006,28,8.0223761,8.330472,8.3184624,.79922444,.80757648,.75388592,420
2007,28,8.0223475,8.333847,8.3087101,.81265336,.81902456,.72876573,420
2008,28,7.9415193,8.2544107,8.223033,.8022486,.80944306,.71658999,437
2009,28,7.8486471,8.1613817,8.1567583,.78987896,.79726911,.73350078,461
2010,28,7.8465214,8.1573467,8.1705093,.77839357,.78272468,.74138087,586
2011,28,7.8361506,8.1443558,8.156189,.76483476,.76781756,.71263069,680
2012,28,7.7222733,8.0337105,8.0474434,.74424392,.73898184,.63505733,494
2013,28,7.6650453,7.9792128,7.9969649,.73032302,.72733951,.6134342,488
2014,28,7.670536,7.9848695,8.0106249,.76134163,.7562592,.6631397,479
2015,28,7.7057991,8.0183325,8.019228,.75811362,.75102735,.65290189,469
2016,28,7.8014584,8.1132574,8.0326128,.73343539,.72654277,.59281385,396
2017,28,7.7199697,8.038085,7.9736481,.78127402,.77463096,.65737301,349
2018,28,7.7075419,8.028142,7.9605308,.75009596,.74550182,.61551976,333
2019,28,7.7272019,8.0481672,7.9843087,.73025632,.72729611,.59104198,330
2020,28,7.5713201,7.8917451,7.8360033,.78246987,.7786113,.62072074,321
2021,28,7.7302947,8.0514946,7.9855509,.80633253,.8032847,.63675934,293
2022,28,7.8083544,8.1272879,8.0232754,.82214475,.81983018,.65975809,275
2023,28,7.8144951,8.1342936,8.0228233,.77244139,.77017742,.61172813,273
2001,29,6.7381659,6.9208441,,.68983525,.68240863,,316
2002,29,6.7827549,6.965724,,.72926521,.72141248,,301
2003,29,6.8570595,7.0396991,,.7381404,.73282778,,299
2004,29,6.9310174,7.1147013,,.76118767,.75654346,,324
2005,29,6.8750772,7.0605707,,.73979276,.73405474,,325
2006,29,6.9470639,7.1304336,,.72005391,.71369803,,344
2007,29,6.9426484,7.1279292,,.72357816,.71832538,,349
2008,29,6.9195204,7.1077132,,.70546395,.70017087,,353
2009,29,6.8745065,7.0626941,,.7038492,.69799274,,402
2010,29,6.8592124,7.0477681,,.72684938,.72073501,,476
2011,29,6.8445325,7.0310998,,.76508361,.75728786,,541
2012,29,7.1756344,7.3676372,,.94934744,.94474244,,175
2013,29,7.005733,7.2002244,,.94650793,.9390536,,173
2014,29,6.9628849,7.1586418,,1.0248818,1.0217739,,179
2015,29,6.9553957,7.1505752,,1.0263283,1.0260308,,165
2016,29,6.9339075,7.1295033,,1.0260888,1.0216777,,166
2017,29,6.8469777,7.0428028,,1.0397782,1.0337423,,163
2018,29,6.9232154,7.1219044,,1.0519063,1.0444915,,147
2019,29,7.0221272,7.2176485,,1.0643042,1.056003,,142
2020,29,6.7852654,6.98177,,.99053442,.98075265,,131
2021,29,6.975739,7.1723113,,.81305134,.80650544,,131
2022,29,7.0689292,7.2630024,,.95248765,.94631898,,121
2023,29,6.9513736,7.1460567,,.93016291,.92132407,,117
2009,30,7.3303409,7.6943207,10.17572,3.4323039,3.3479519,2.7720568,2
2010,30,7.6133924,7.9625926,10.336071,2.2250714,2.1508641,1.6943775,6
2011,30,7.4546261,7.7917638,10.089423,2.3972468,2.2621856,1.3983023,6
2012,30,5.4137092,5.9257693,9.3837671,.88613081,.81202769,.73227626,34
2013,30,5.2104216,5.7160358,9.1351652,.97442836,.88127023,.62506557,30
2014,30,5.2426829,5.7263832,9.0006552,1.0103716,.92669851,.54837537,30
2015,30,5.2772598,5.7524357,8.9722357,.98673987,.87399793,.38273346,29
2016,30,5.1552539,5.6369781,8.8997974,.91824269,.8382659,.60826486,29
2017,30,5.3080411,5.7716432,8.9170008,.91695583,.86140412,.69866872,27
2018,30,5.3249769,5.7925601,8.965662,.72115254,.65092903,.59359479,27
2019,30,5.3599753,5.8504257,9.1754847,.78279972,.69485146,.69390929,25
2020,30,5.3341651,5.8147664,9.074791,.91676766,.82287931,.70394903,24
2021,30,5.2376471,5.7057228,8.8840656,1.0701733,1.0042052,.73196834,33
2022,30,5.3892636,5.8680921,9.1173954,1.0041974,.93539137,.78521764,32
2023,30,5.3307586,5.8128285,9.0839672,.90922898,.83487606,.76106262,33
1993,31,8.6842022,8.7869253,9.8894644,1.043644,1.0293915,1.1368912,1241
1994,31,8.6555624,8.7636642,9.8879566,1.0730312,1.0579101,1.1640741,1198
1995,31,9.6974688,9.8807955,11.145462,.89601934,.89802021,.95274466,327
1996,31,9.5095463,9.6906872,10.987618,.76486915,.76534569,.82296729,269
1997,31,9.43365,9.6138725,10.934554,.79158926,.78582942,.8403272,268
1998,31,9.4410715,9.6253071,10.945929,.75206649,.74743932,.82094216,302
1999,31,9.4114475,9.6038809,10.926693,.7988773,.8013863,.86389267,308
2000,31,9.2148361,9.3377476,10.663489,.86777616,.85934746,.94107777,372
2001,31,8.1806622,8.3013983,9.4098663,.9167608,.90020329,.99981791,124
2002,31,8.169529,8.2918015,9.401329,.99574071,.97836506,1.0779506,118
2003,31,8.3099327,8.4310999,9.5713463,.94610411,.9305867,1.0061309,106
2004,31,8.5673084,8.6858597,9.8217974,1.0078231,.99337661,1.0546644,118
2005,31,8.5025597,8.6230125,9.7550745,.93657547,.92429405,1.0338335,120
2006,31,8.6047783,8.7228041,9.8474112,.93105048,.91871917,.99948955,117
2007,31,8.685339,8.8069248,9.9492445,.81193858,.79770625,.90506613,121
2008,31,8.7001324,8.8221636,9.9739161,.87632501,.86439472,.96212542,117
2009,31,8.5349016,8.6590586,9.8028021,.98933631,.97483474,1.0761231,122
2010,31,8.4358187,8.5635118,9.7095442,1.0115862,.99734879,1.0573525,138
2011,31,8.4423056,8.5694714,9.7157269,.94893271,.93237209,1.0182501,156
2012,31,8.0093155,8.1403503,9.2317152,.88125342,.86298656,.90814948,450
2013,31,7.9619322,8.0937538,9.189806,.95084834,.93106043,.97704417,436
2014,31,7.9153485,8.0492086,9.1499834,.99563891,.97611493,1.0283076,403
2015,31,7.95436,8.0859776,9.1855354,1.0276823,1.0073078,1.068069,381
2016,31,8.0137844,8.1407309,9.2556219,1.0264208,1.0053868,1.0558643,342
2017,31,7.9601259,8.0885344,9.2144918,.94411516,.9237417,.98170149,325
2018,31,7.9555149,8.0843382,9.2084827,.91814649,.89810604,.95687026,318
2019,31,7.8918366,8.0241709,9.1579819,.96992958,.95011818,1.0183122,303
2020,31,7.6150503,7.7490973,8.8927851,1.1191202,1.0949957,1.1653154,271
2021,31,7.856463,7.9898982,9.1365137,1.0712825,1.0453409,1.111926,256
2022,31,7.9686956,8.0991144,9.2410049,1.0300772,1.0059359,1.0700123,246
2023,31,7.8787293,8.0104094,9.1557169,1.0461857,1.0208505,1.0946175,240
1993,32,7.8177843,7.9574251,3.9084692,.76696187,.74718237,2.6575344,1608
1994,32,7.7516408,7.8963804,3.6549098,.75999141,.73964375,2.6338172,1486
1995,32,8.5887299,8.8335466,-.16197632,.74861777,.75424361,4.6528721,188
1996,32,8.5024109,8.7417765,.12215298,.74626088,.76187617,4.0596676,147
1997,32,8.4727592,8.6985426,.81593764,.63814455,.65896928,3.8382175,140
1998,32,8.3894062,8.6202745,.48219097,.69704604,.70412117,3.8650882,130
1999,32,8.351552,8.6008129,-.48897314,.74038702,.75594932,4.1310244,154
2000,32,8.2524071,8.4152107,3.8761504,.79336107,.77338994,2.9050586,181
2001,32,7.5110064,7.6898861,1.9008484,.7322073,.71144027,2.2673032,13
2002,32,7.5123754,7.7000222,1.4704481,.68054193,.65968519,2.2639089,15
2003,32,7.4849782,7.6627121,1.9947937,.76073104,.74816436,1.9407046,15
2004,32,7.6649547,7.8415985,2.4654903,.87272972,.86273986,1.8320756,12
2005,32,7.2979956,7.4857774,1.1127007,.66903466,.64887553,2.1806672,13
2006,32,7.4957118,7.686799,1.3070265,.42630479,.42529124,.6429652,9
2007,32,7.6432409,7.8251915,2.0235376,.57458115,.56533527,1.4986116,9
2008,32,7.6197925,7.8063183,1.7131442,.57180387,.56660491,1.2303673,11
2009,32,7.2988648,7.4872699,1.0223755,.34687424,.34565166,.79010552,11
2010,32,7.3880091,7.5828447,.77813768,.6217494,.60844082,1.588264,11
2011,32,7.5081162,7.6987534,1.1482567,.50165927,.48860556,1.6340537,10
2012,32,7.7656312,7.9776607,.54759896,1.0464991,1.0439552,2.7065918,676
2013,32,7.5859504,7.8005881,.22957976,1.0717882,1.0642481,2.8828554,619
2014,32,7.5670447,7.7818465,.19505855,1.093632,1.0813042,2.9965777,621
2015,32,7.6611481,7.8754377,.29334888,1.158654,1.1511217,2.9856756,690
2016,32,7.5554414,7.762352,.53662312,1.0538893,1.0446707,2.87234,416
2017,32,7.5045609,7.7094874,.6120888,1.0264449,1.0131439,2.757925,440
2018,32,7.5843787,7.7925925,.59316766,1.1310451,1.1201295,2.7841313,590
2019,32,7.5973001,7.8077211,.51625741,1.1353585,1.12357,2.8672142,579
2020,32,7.4407353,7.6529222,.26173371,1.1782029,1.1625857,3.0606682,548
2021,32,7.5588112,7.7704239,.41859639,1.289197,1.2726055,3.2223365,573
2022,32,7.691195,7.8976827,.83506715,1.2700939,1.2576027,3.0043733,561
2023,32,7.6916986,7.8967376,.88822222,1.1884584,1.1753191,2.9299276,571
1993,33,7.08143,7.2120662,,.7303502,.70775175,,364
1994,33,7.0916824,7.2301674,,.73728085,.71435726,,358
1995,33,7.8760228,8.1213608,,.46742034,.46181554,,34
1996,33,7.5115399,7.7268372,,.77273268,.77018183,,24
1997,33,7.6375289,7.8611636,,.35205585,.36396605,,26
1998,33,7.5342755,7.772491,,.59596646,.59841335,,30
1999,33,7.4913468,7.7696619,,.82923907,.81698638,,22
2000,33,7.4001622,7.5615201,,1.0237371,.9777295,,29
2001,33,6.9451652,7.1078467,,.79667389,.77393943,,36
2002,33,6.9930644,7.1567535,,.85375714,.83137625,,37
2003,33,7.165318,7.3353505,,.64524764,.61439735,,33
2004,33,7.1970482,7.3670177,,.58288527,.55641156,,37
2005,33,7.1290526,7.3016605,,.68911934,.66620648,,37
2006,33,7.1838007,7.3560324,,.70757157,.69852531,,44
2007,33,7.1777768,7.3527427,,.73120409,.71529537,,43
2008,33,6.861248,7.0376949,,.82728487,.78907323,,39
2009,33,6.9124026,7.0877986,,.68039298,.65497589,,49
2010,33,6.8032608,6.9929314,,.67390567,.65193236,,62
2011,33,6.9323292,7.1223283,,.7388975,.70836431,,71
2012,33,7.2588735,7.4828405,,.92936558,.91767776,,17
2014,33,6.6744785,6.8893876,,.59010565,.57098371,,24
2015,33,6.3454056,6.5690737,,1.0231037,.98954982,,25
1993,34,6.242816,6.6190295,7.4778514,.73716474,.74726242,.77081341,519
1994,34,6.1779032,6.5640764,7.447144,.74828416,.75644231,.7757026,504
1995,34,6.9986296,7.4817276,8.6285181,.75511163,.76323664,.79223377,75
1996,34,6.8669801,7.3548961,8.5088663,.92282116,.93188053,.95951289,59
1997,34,6.8867645,7.3819218,8.5493774,.60912263,.61093628,.62565404,57
1998,34,6.8465915,7.3445673,8.520318,.55631948,.55963182,.58305115,58
1999,34,6.7265744,7.221684,8.3873434,.65112787,.65945619,.69367707,62
2000,34,6.6286769,7.0896544,8.1341009,.68857986,.6925171,.70622498,74
2001,34,6.1146874,6.5069804,7.4102197,1.1173021,1.1345577,1.167045,124
2002,34,6.1063266,6.4968929,7.3972206,1.0480859,1.0611384,1.0872463,122
2003,34,6.2018156,6.5932145,7.4950843,1.0660778,1.0753384,1.0941945,126
2004,34,6.3548784,6.7465525,7.6484404,1.118443,1.1280814,1.1472609,132
2005,34,6.438755,6.8334351,7.7414718,1.0723222,1.0824043,1.1046581,139
2006,34,6.5530996,6.9544659,7.8761435,1.1061569,1.1163453,1.1385734,136
2007,34,6.4376664,6.8417597,7.771224,1.1152894,1.126654,1.1474437,141
2008,34,6.228282,6.6404171,7.5898304,.96908098,.9826839,1.011274,143
2009,34,6.1325836,6.542346,7.4893265,.99164748,1.0004877,1.0207146,157
2010,34,6.0746365,6.4878678,7.444685,1.0796499,1.0890642,1.1068366,162
2011,34,6.1264286,6.5358362,7.4825354,1.0964608,1.1015738,1.1091067,175
1993,35,6.306324,6.5122108,4.9848561,.83610195,.82558531,.80788767,967
1994,35,6.2087574,6.4218597,4.8586106,.80748385,.79698753,.79304987,930
1995,35,6.641099,6.9487247,5.1563191,.76172882,.75967234,.73783761,260
1996,35,6.4830618,6.7925143,4.9642329,.77666163,.77504098,.7384178,220
1997,35,6.4516082,6.7538962,4.9314718,.81927735,.81207728,.78816015,241
1998,35,6.3133764,6.6199183,4.7887931,.80118942,.78998208,.75733763,260
1999,35,6.2739477,6.5882049,4.7398601,.89162397,.88564968,.85156274,262
2000,35,6.3578925,6.6067853,4.7839489,.74983352,.74352586,.72223431,286
2001,35,6.2828383,6.507915,4.8595591,.62139189,.61056978,.5462175,36
2002,35,6.1933875,6.4197397,4.7570543,.89021617,.87993753,.78227699,34
2003,35,6.2888298,6.5220904,4.8767915,.68799341,.67767245,.61375421,31
2004,35,6.6294074,6.8602157,5.1894841,.81362027,.81370914,.72391802,36
2005,35,6.4627194,6.6958389,5.061285,.86354172,.85967839,.72958326,32
2006,35,6.6022568,6.8373857,5.1429539,.83429706,.83919311,.72113287,32
2007,35,6.1486635,6.3913617,4.6753087,1.0884881,1.0895879,.98452514,34
2008,35,6.0663276,6.3073401,4.6238499,1.1380552,1.1305852,1.0356871,29
2009,35,5.9423003,6.1836033,4.5398989,1.1496476,1.141137,.9938069,37
2010,35,5.8890409,6.1378922,4.4426322,1.1507879,1.1427666,1.0126842,44
2011,35,5.7941771,6.0439992,4.3702769,1.1851906,1.1766804,1.0552113,45
1993,36,6.1207719,6.2297854,9.5295649,.73311228,.72937787,.94020694,371
1994,36,6.0732665,6.1865125,9.5708132,.71897292,.71535891,.93063325,367
1995,36,6.6310954,6.8038726,10.86995,.56647593,.57124931,.77385223,93
1996,36,6.4048977,6.5825663,10.65695,.58854276,.59356624,.86097544,87
1997,36,6.2613688,6.4459162,10.689103,.72651494,.7306419,.98016995,97
1998,36,6.0581002,6.237462,10.461466,.7359004,.73171848,.93038964,95
1999,36,5.9261904,6.1087546,10.309033,.7044366,.70477104,.88132143,96
2000,36,5.8771195,6.0180969,9.9669008,.75249058,.74657112,.83285147,101
2001,36,5.8018999,5.9241633,9.3163099,.89825821,.88984311,1.024435,772
2002,36,5.8423014,5.9655809,9.3892403,.86006856,.85207248,1.0244746,748
2003,36,5.9755654,6.0996327,9.5303259,.87135297,.86485082,1.0379109,758
2004,36,6.0569596,6.1818676,9.6327648,.89804727,.89250863,1.1008202,765
2005,36,5.9622836,6.0878391,9.5161438,.89170009,.88533044,1.0627233,790
2006,36,6.047483,6.1740961,9.6452465,.95269555,.94752347,1.147752,802
2007,36,6.0286708,6.1551619,9.6350832,.91737413,.91157371,1.0953277,790
2008,36,5.990962,6.1188889,9.6323013,.88767868,.88136339,1.0554098,759
2009,36,5.8971643,6.0268197,9.5446606,.87234253,.86690921,1.0377605,788
2010,36,5.8907628,6.0202026,9.524395,.86381781,.85800117,1.0181147,916
2011,36,5.8503051,5.9791503,9.4545059,.93517911,.92785919,1.0454496,1014
1993,37,6.0680199,5.4819083,6.3913298,.82697201,.78921044,.83907455,102
1994,37,5.9789567,5.3728189,6.315599,.80029446,.76803631,.81166899,99
1995,37,6.3430352,5.6603355,6.7675009,.75460374,.74853337,.75645083,31
1996,37,6.0681314,5.3750963,6.5012336,.52421504,.52238566,.52586591,30
1997,37,5.9009633,5.1974897,6.3341188,.63047349,.61317378,.64190751,34
1998,37,5.8605499,5.161623,6.2907076,.95775557,.95407981,.96710593,30
1999,37,5.8197188,5.1071091,6.2616086,.58654672,.59836406,.58523661,34
2000,37,6.1068673,5.3713179,6.5165672,.59370285,.58584708,.59504402,38
1993,38,7.1478376,7.3309999,6.0872769,.83336639,.8125695,.80441093,1399
1994,38,7.1009846,7.2920823,6.0140443,.80463547,.78481054,.77173567,1290
1995,38,7.7553692,8.0473528,6.5144715,.82541317,.82372737,.78685945,276
1996,38,7.6504154,7.9398031,6.3766026,.81558347,.81416059,.77158082,202
1997,38,7.6286564,7.9178224,6.341218,.81146497,.80527616,.77074492,205
1998,38,7.4762912,7.7759352,6.1866555,.78273082,.77789843,.7510004,222
1999,38,7.2737622,7.5862384,5.9940286,.76420707,.7737909,.73264855,209
2000,38,7.2830143,7.505815,6.016468,.82532597,.8027041,.79426765,245
1993,39,6.6074462,6.7134733,7.37147,1.0872754,1.0825804,1.0792872,277
1994,39,6.4743609,6.5840836,7.2600617,1.1094059,1.1062211,1.115054,258
1995,39,6.7298021,6.8749375,7.6982188,.86231679,.86947215,.92244476,135
1996,39,6.7266579,6.8740811,7.7173271,.71310484,.71723014,.77141225,100
1997,39,6.562676,6.7130375,7.565958,.87233675,.87652379,.92597651,117
1998,39,6.5429587,6.6954713,7.5551019,.82631034,.83272809,.8858425,135
1999,39,6.5119576,6.6653328,7.5290937,.81849223,.81606197,.83565646,121
2000,39,6.5192056,6.6526318,7.474195,.84456974,.84385705,.87215137,158
2012,58,,,,,,,0
